title,cast,genre,storyline
가디언즈 오브 갤럭시: Volume 3,"만든사람들
감독
제임스 건
배우
[주연] 크리스 프랫 | 조 샐다나 | 데이브 바티스타 | 카렌 길런 | 폼 클레멘티에프 | 빈 디젤 | 브래들리 쿠퍼 | 윌 폴터",장편 | 일반영화 | 액션 | 149분 51초 | 12세이상관람가 | 미국,"‘가모라’를 잃고 슬픔에 빠져 있던 ‘피터 퀼’이 위기에 처한 은하계와 동료를 지키기 위해 다시 한번 가디언즈 팀과 힘을 모으고, 성공하지 못할 경우 그들의 마지막이 될지도 모르는 미션에 나서는 이야기"
극장판 짱구는 못말려: 동물소환 닌자 배꼽수비대,"만든사람들
감독
하시모토 마사카즈",장편 | 일반영화 | 애니메이션 | 99분 45초 | 전체관람가 | 일본,"사실... 짱구는 닌자 가문의 후계자였다?!

어느 날 ‘짱구‘와 동갑내기인 5살 ‘진구’를 데리고, 짱구 가족을 찾아온 수상한 여성.
서로의 아이가 바뀌었다는 충격적인 소식을 전한다.

하루아침에 닌자 가문의 후계자 ‘진구’로 불리게 된 짱구는
‘부리부리 엉덩이 분신술’로 닌자 유치원을 초토화시킨다.

한편, 떡잎마을에 남겨진 진구와 짱구 가족은 짱구를 찾으러 닌자 마을로 향하고,
세상의 중심인 ‘지구의 배꼽’이 흔들리기 시작하며, 지구가 붕괴될 위기에 처하는데…

과연 짱구는 세상을 지켜낼 수 있을까?!"
스즈메의 문단속,"만든사람들
감독
신카이 마코토",장편 | 예술영화 | 애니메이션 | 121분 47초 | 12세이상관람가 | 일본,"큐슈의 작은 마을에서 살고 있는 소녀 ‘스즈메’는
어느 날, 여행을 하며 ‘문’을 찾고 있는 한 청년을 만난다.
그의 뒤를 쫓아간 소녀는 산속 폐허에서 덩그러니 남겨진 낡은 문을 발견한다.
무언가에 이끌린 듯 ‘스즈메’는 문으로 손을 뻗는데…

2023년, ‘문단속을 위한 여행’이 시작된다!"
더 퍼스트 슬램덩크,"만든사람들
감독
이노우에 다케히코",장편 | 일반영화 | 애니메이션 | 124분 26초 | 12세이상관람가 | 일본,"전국 제패를 꿈꾸는 북산고 농구부 5인방의 꿈과 열정, 멈추지 않는 도전을 그린 영화"
옥수역귀신,"만든사람들
감독
정용기
배우
[주연] 김보라(나영) | 김재현(우원) | 신소율(태희)
[조연] 김강일(염습사) | 김수진(모대표) | 박재한(태호)
[우정출연] 김구택 | 장준휘
[단역] 김광현(기관사) | 김나윤(중재위원) | 김은민(썸머잇걸) | 유채련(직장동료1) | 한희택(직장동료2) | 조연호(어린태호) | 진대연(태호아버지) | 이종성(역무원) | 엄채윤(승준귀신) | 박노아(기관사귀신) | 이수아(우원귀신) | 박세정(염습사귀신) | 한여름(기자(직장동료)) | 최호영(기자(직장동료)) | 이원희(기자(직장동료)) | 강지혜(기자(직장동료)) | 현명한(기자(직장동료)) | 소계원(기자(직장동료)) | 김종원(기자(직장동료)) | 이채훈(기자(직장동료)) | 김수현(아기귀신) | 홍성민(아기귀신) | 황지후(웹툰 실사 내레이션)
투자
[투자] 윤선영(제작투자)   |   김승현(공동투자)   |   이재우(공동투자)
제작
[제작] 이은경   |   이영민   |   이혜경   |   윤선영(공동제작)   |   김태형(공동제작)   |   최재성(공동제작)   |   김재일(공동제작)
[프로듀서] 유장훈   |   이병원(제작총괄/후반프로듀서)
[라인프로듀서] 이다솜(제작실장)
연출
[조감독] 이세종
시나리오
[시나리오(각본)] 이소영
[각색] 정용기   |   김수인
촬영
[촬영] 선상재
조명
[조명] 서호영
동시녹음
[동시녹음] 정현수
미술
[미술/프로덕션 디자인] 이현주(미술)
의상
[의상] 오상진
분장/헤어
[분장] 최나영
[특수분장] 최나영
특수효과
[특수효과] 이상민
편집
[편집] 임신미
음악
[음악] 김우철   |   김두환   |   박광복
사운드
[사운드] 장철호
VFX
[시각효과] 서상화
DI/현상
[DI팀] 최은석
기획
[기획] 이은경   |   권미지","장편 | 일반영화 | 공포(호러), 미스터리 | 80분 13초 | 15세이상관람가 | 한국, 일본","특종이 필요한 기자 ‘나영’은 옥수역에서 근무하는 친구 ‘우원’을 통해
‘옥수역’에서 계속해서 일어난 사망사건들을 듣게 된다.
‘나영’은 ‘우원’과 함께 취재를 시작하고 그녀에게 계속 괴이한 일들이 벌어지는데…

무언가 있다. 옥수역에…"
스트리머,"만든사람들
감독
장형모
배우
[주연] 이푸름(모모) | 권민혁(준) | 김준형(재민) | 심소영(다슬)
[조연] 김모범
제작
[프로듀서] 배효진","장편 | 일반영화 | 공포(호러), 미스터리 | 88분 49초 | 15세이상관람가 | 한국","산 사람은 붉게, 귀신은 파랗게
모든 것이 생중계된다!

한 BJ가 남긴 기괴한 영상의 진위를 밝히겠다며 한 폐건물로 모인 5명의 스트리머들.
각자 라이브 방송을 진행하며 건물을 살펴보던 그들의 섬뜩하고 소름 끼치는 현장은 그야말로
리얼하게 생중계 되는데…"
날씨의 아이,"만든사람들
감독
신카이 마코토
배우
[주연] 다이고 코타로 | 모리 나나 | 오구리 슌 | 심규혁 | 최한 | 강은애 | 김서영","장편 | 일반영화 | 애니메이션, 판타지, 멜로/로맨스 | 112분 13초 | 15세이상관람가 | 일본","“이제 비는 그치고, 우리의 세상이 빛나기 시작할 거야”

비가 그치지 않던 어느 여름날,
가출 소년 ‘호다카’는 수상한 잡지사에 취직하게 되고
비밀스러운 소녀 ‘히나’를 우연히 만난다.

“지금부터 하늘이 맑아질 거야”

그녀의 기도에 거짓말 같이 빗줄기는 멈추고,
사람들의 얼굴에 환한 빛이 내려온다.

“신기해, 날씨 하나에 사람들의 감정이 이렇게나 움직이다니”

하지만, 맑음 뒤 흐림이 찾아오듯
두 사람은 엄청난 세계의 비밀을 마주하게 되는데…

흐리기만 했던 세상이 빛나기 시작했고, 그 끝에는 네가 있었다."
"뮤지컬 공연실황, 알쏭달쏭 캐치! 티니핑 <신비한 상자를 열어라!>","만든사람들
감독
홍승희|신승환","장편 | 일반영화 | 공연, 뮤지컬 | 61분 52초 | 전체관람가 | 한국","제니로 인해 미스틱 마을에 살던 열쇠티니핑들이 하모니 마을로 오게 되고, 마스터키로 마을을 장악한 제니와 다해핑을 피해 로열티니핑들（나나핑, 꾸래핑, 솔찌핑）은 도망쳐 게이트를 건너게 되면서 로미와 하츄핑을 만나게 된다. 그리고 그때 알 수 없는 정체의 상자도 함께 하모니 마을로 떨어진다. 로미는 열쇠티니핑들을 모두 캐치해서 미스틱 마 을로 보내라는 임무를 갖게 된다."
리바운드,"만든사람들
감독
장항준
배우
[주연] 안재홍(강코치) | 이신영(천기범) | 정진운(배규혁) | 정건주(정강호) | 김민(허재윤) | 안지호(정진욱)
[조연] 이준혁(이선생) | 김회진(더벅 머리) | 김수진(규혁모) | 강애심(교장 사모) | 민무제(기범부) | 최정윤(기범모) | 배성일(선생1) | 강신철(선생2)
[특별출연] 장현성(용산고 코치) | 박상면(50대 남자) | 박재민(협회장기 중계)
[단역] 유인혜(선생3) | 송창규(선생4) | 이상원(임호중 농구부 코치) | 이태영(순경) | 백도겸(월명 심판) | 오현수(학부모1 (더벅아빠)) | 서자영(학부모2 (더벅엄마)) | 정서인(학부모3 (빡빡엄마)) | 전영(의사) | 윤인조(중학생 선수2 엄마) | 김용현(중앙고 선수1) | 조준기(중앙고 선수2) | 양한열((전학생)아이) | 송예슬(과거 아나운서) | 김희상(군산대회 중계) | 변진수(군산대회 해설) | 유순웅(동문회장) | 박경관(동문) | 장준혁(기자) | 정승원(구급요원) | 김정한(넥타이 아저씨1) | 이진혁(넥타이 아저씨2) | 박시환(순규 부) | 이남우(강호 부) | 김방선(강호 모) | 이형석(진욱 부) | 이은주(진욱 모) | 김종은(호프집 사장) | 노경(용산고 트레이너1) | 유인혁(용산고 트레이너2) | 정윤호(용산고 7번) | 한주희(용산고 22번) | 백재민(용산고 30번) | 이순원(안양고 코치) | 성도현(안양고 트레이너) | 정대경(안양고 8번) | 이준서(안양고 7번) | 김서원(광산고 코치) | 김병준(광산고 5번) | 조윤담(한성부고 트레이너) | 현진호(제물포고 코치) | 이진한(제물포고 트레이너) | 안정빈(신림고 코치) | 한대훈(신림고 트레이너) | 나현우(신림고 6번) | 박건우(신림고 7번)
투자
[투자] 최윤희(투자총괄)   |   구본교(투자진행)   |   김다한(투자진행)   |   최서희(사업관리)   |   윤여정(사업관리)
제작
[제작] 장원석   |   김영훈   |   하정우
[프로듀서] 박윤호   |   유영채(기획 프로듀서)   |   김지훈(기획 프로듀서)   |   김솔(기획 프로듀서)
[라인프로듀서] 이종명(제작실장)
[제작회계] 손수정
[제작팀] 박성호(제작지원)   |   김병현(제작부장)   |   박하람(제작부장)   |   표상목   |   손용운   |   김현욱   |   김보성(제작지원)   |   박성호(제작지원)   |   한대훈(제작지원)
[제작관리] 박강선(경영관리)   |   박민정(콘텐츠사업부)   |   이다혜(콘텐츠사업부)   |   이지은(경영관리부)   |   한지혜(경영관리부)
[데이타매니저] 강지원(D.I.T Technical Supervisor)   |   김태완(Executive Producer)
연출
[스토리보드] 이규희
[스크립터] 김현주
[연출팀] 이상록   |   최원석   |   정아원   |   이유정   |   조석준   |   김종근
[조감독] 송동규
[현장편집] 김재석
시나리오
[시나리오(각본)] 권성휘   |   김은희
[각색] 장항준
촬영
[촬영] 문용군   |   강주신
[촬영팀] 박한별   |   김우상   |   장호민   |   김진혁   |   최민준   |   박준우   |   서동기(소스촬영)
[특수촬영] 김승호(Technical Manager)   |   김영환(Pilot)   |   황기원(Pilot)   |   신혜주(Gimbal Operator)   |   고근(Gimbal Operator)   |   배서호(항공촬영 2팀)   |   최상린(초고속 촬영)   |   박정하(초고속 촬영)
조명
[조명] 박지성
[조명팀] 김종은   |   김세라   |   이재현   |   김동균(조명지원)
[발전차] 배영철   |   오정호(추가발전차)
[조명장비] 오정우(조명크레인)
동시녹음
[동시녹음] 손용익
[동시녹음팀] 최지영(녹음지원)
[붐오퍼레이터] 권영우
미술
[미술/프로덕션 디자인] 이미경(미술)
[미술팀] 이수빈   |   위현진   |   유리나(미술지원)   |   박정훈(미술지원)
세트
[세트] 김정현
[세트팀] 김형직   |   이희철   |   이경영   |   김국현   |   정태찬   |   강민승   |   김정현(세트제작 운영팀)   |   김현승(세트제작 운영팀)
[세트미술팀] 최윤석(작화팀)
소품
[소품] 임호상
[소품팀] 이예진(소품지원)
의상
[의상] 최미연
[의상팀] 박정미(의상팀장)   |   황지우   |   김서희(의상지원)   |   최보현(의상지원)   |   황지수(의상지원)
분장/헤어
[분장] 신은영
[분장팀] 곽슬기(분장팀장)   |   신소용   |   최민선(분장지원)
[헤어팀] 전세나(헤어팀장)   |   정소영(헤어협찬)
[특수분장] 송종희   |   송종희   |   장주은(특수분장 팀장)
액션/스턴트
[액션/스턴트] 박영식
특수효과
[특수효과] 홍장표   |   홍장표
[특수효과팀] 이지훈(특수효과 실장)   |   김태민   |   이용준   |   박요한   |   박주연(특수효과 부장)
프로덕션지원
[기타] 박경관(사투리 자문 및 교육)   |   이진혁(사투리 자문 및 교육)   |   우해정(인쇄)   |   유진아(인쇄)   |   유현아(인쇄)   |   박수야(인쇄)
편집
[편집] 허선미   |   지형진   |   조한울(B 편집)
[편집팀] 강현서(편집 어시스턴트)
음악
[음악] 강네네
[음악 믹싱/레코딩] 김희재(Recorded & Mixed by)
사운드
[사운드] 공태원
[사운드믹싱] 공태원(Re-Recording Mixer)
[폴리] 문재홍(Foley Artist)   |   김한얼(Foley Artist)
[대사] 박수희(ADR Mixer)   |   김경호(Dialogue Editor)   |   전현배(Dialogue Editor)
[사운드효과] 김현규(Effect Editor)
VFX
[시각효과] 윤재훈
[VFX 슈퍼바이저] 성준호(Compositing Supervisor)   |   유현존(Rotoscoping Supervisor)
[VFX 아티스트] 한희성(Reader Compositor)   |   김민희(Compositing Artist)   |   최성민(3D Artist)
[VFX 매니지먼트] 고범석(Visual Effects Producer)   |   이윤경(제작 관리)
DI/현상
[DI팀] 오태연(디지털 색보정)   |   윤석일(Lab Master)   |   박진호(DI Supervisor)   |   오태연(Senior Colorist)   |   강민주(Senior Colorist)   |   박현진(Senior Colorist)   |   임희진(Junior Colorist)   |   이서익(Junior Colorist)   |   이병희(Lab Technical Supervisor)   |   정원석(Digital Cinema Technician)   |   손성주(Digital Cinema Technician)   |   김기문(Lab Manager)   |   최문희(Lab Manager)   |   정종길(Lab Manager)
마케팅
[홍보/마케팅 진행] 윤희정(마케팅책임)   |   임지현(마케팅진행)   |   김여울(마케팅진행)   |   장보경(홍보 마케팅 대행)   |   유효정(홍보 마케팅 대행)   |   황승미(홍보 마케팅 대행)   |   양영희(홍보 마케팅 대행)   |   김소희(홍보 마케팅 대행)   |   송지민(홍보 마케팅 대행)   |   이다은(홍보 마케팅 대행)   |   김유정(홍보 마케팅 대행)   |   이소담(홍보 마케팅 대행)   |   이유리(홍보 마케팅 대행)   |   한지열(프로모션 대행)   |   맹시운(프로모션 대행)   |   최지현(프로모션 대행)   |   장원구(행사 연출)   |   곽기환(행사 연출)   |   송희(행사 연출)
[광고디자인] 최지웅   |   박동우   |   이동형
[포스터사진] 박종하
[스틸] 민성애
[메이킹필름] 손성진
[예고편] 최승원   |   신의철   |   배정현   |   김나연   |   진영범(예고편 사운드)   |   김병주(예고편 사운드)   |   류도현(예고편 사운드)
[광고대행] 박유진   |   조승현   |   현은경   |   남경희   |   홍슬기   |   김무늬
[온라인마케팅] 전혜숙   |   김진희   |   이지영   |   이세영   |   최주영   |   김재윤(온라인 광고디자인)   |   지유나(온라인 광고디자인)   |   오병욱(온라인 광고디자인)   |   최윤정(온라인 광고디자인)
배급
[배급진행] 이상구(국내배급유통책임)   |   고유리(국내배급진행)   |   김무연(디지털유통진행)   |   이범수(해외배급총괄)   |   윤대길(해외배급진행)   |   전수진(해외배급진행)   |   박준호(해외배급진행)",장편 | 일반영화 | 드라마 | 122분 8초 | 12세이상관람가 | 한국,"농구선수 출신 공익근무요원 ‘양현’은
해체 위기에 놓인 부산중앙고 농구부의 신임 코치로 발탁된다.
하지만 전국대회에서의 첫 경기 상대는 고교농구 최강자 용산고.
팀워크가 무너진 중앙고는 몰수패라는 치욕의 결과를 낳고
학교는 농구부 해체까지 논의하지만,
‘양현’은 MVP까지 올랐던 고교 시절을 떠올리며 다시 선수들을 모은다.

주목받던 천재 선수였지만 슬럼프에 빠진 가드 ‘기범’
부상으로 꿈을 접은 올라운더 스몰 포워드 ‘규혁’
점프력만 좋은 축구선수 출신의 괴력 센터 ‘순규’
길거리 농구만 해온 파워 포워드 ‘강호’
농구 경력 7년 차지만 만년 벤치 식스맨 ‘재윤’
농구 열정만 만렙인 자칭 마이클 조던 ‘진욱’까지

아무도 주목하지 않은 최약체 팀이었지만 신임 코치와 6명의 선수가
2012년 전국 고교농구대회에서 써 내려간 8일간의 기적

모두가 불가능이라 말할 때, 우리는 ‘리바운드’라는 또 다른 기회를 잡는다."
슬픔의 삼각형,"만든사람들
감독
루벤 외스틀룬드
배우
[주연] 우디 해럴슨(선장) | 해리스 딕킨슨(칼)","장편 | 예술영화 | 코미디, 드라마 | 147분 22초 | 15세이상관람가 | 미국","호화 크루즈에 #협찬 으로 승선한 인플루언서 모델 커플.
각양각색의 부자들과 휴가를 즐기던 사이,
뜻밖의 사건으로 배가 전복되고 8명만이 간신히 무인도에 도착한다.
할 줄 아는 거라곤 구조 대기뿐인 사람들… 이때 존재감을 드러내는 건,
“여기선 내가 캡틴입니다. 자, 내가 누구라고요?”"
킬링 로맨스,"만든사람들
감독
이원석
배우
[주연] 이하늬 | 이선균 | 공명
[조연] 배유람(영찬) | 심달기 | 최준규 | 신민재 | 주광현
[특별출연] 최덕문
[우정출연] 오정세
[단역] 강학수 | 서정식 | 김영현 | 황대기 | 윤세웅 | 최종윤 | 정윤하 | 이서이 | 김준 | 김원진 | 한상철 | 이은주 | 김상욱(범우부) | 김상욱 | 오윤수 | 조현진 | 심우성 | 홍기주 | 원진호 | 최민국 | 최민국 | 신용식 | 안정호 | 한지호 | 조청원 | 김재호 | 박상원 | 이순성 | 권정우 | 손수호 | 이유진 | 이주성 | 송지훈 | 송태완 | 조애리 | 이도영 | 정동현 | 손주영 | 유요한 | 손선아 | 곽정길 | 정지민 | 김윤숙 | 김춘기 | 곽장륜 | 진범일 | 조승원 | 차유주 | 박은철 | 정경천 | 임현정 | 모일영 | 진성현 | 한성관 | 임유진 | 심달기( 타조목소리 )
투자
[투자] 최재원(제작투자)   |   최병환(투자총괄)   |   이성진   |   손민정(투자책임)   |   안소윤(투자기획)   |   송순호(투자진행)   |   장요한(투자진행)   |   김지나(투자진행)   |   최종숙(투자지원)   |   강명진(투자회계책임)   |   백정윤(투자회계진행)   |   김화진(투자회계진행)   |   박지은(투자회계진행)   |   조성철(투자책임)   |   서희원(투자진행)   |   김세형(사업관리 책임)   |   황보미애(사업관리 진행)   |   신유나(사업관리 진행)   |   남지윤(사업관리 진행)
제작
[제작] 김성훈   |   김명진   |   문보미
[프로듀서] 모일영
[제작회계] 임수빈(회계부장)   |   김지은
[제작팀] 고덕화(제작부장)   |   한성관(제작부장)   |   정승채   |   백연정   |   옥대훈   |   최현도   |   이도담(제작지원)   |   민경찬(제작지원)   |   여광수(제작지원)   |   이형섭(제작지원)   |   안성진(제작지원)   |   김도창(제작지원)   |   김환수(제작지원)   |   류성원(제작지원)   |   서남윤(제작지원)   |   고해성(제작지원)   |   임수빈(코로나대응담당)   |   이나리(코로나대응담당)
[제작관리] 임지우(프러덕션수퍼바이져)
[데이타매니저] 조희대(Director of Department)   |   김경희(Post Production Supervisor)   |   김민우(Digital Imaging Technician)   |   오승노(Digital Loader)   |   류지원(Digital Loader)   |   신영섭(Media Archive Manager)
연출
[스토리보드] 이스라
[스크립터] 임유진
[연출팀] 이정민   |   권영주   |   정세아   |   류성원(연출지원)   |   정성훈(연출지원)   |   송지호
[현장편집] 김혜경   |   권은지(어시스턴트)
시나리오
[시나리오(각본)] 박정예
촬영
[촬영팀] 김주인   |   이의인   |   임지훈   |   조진희   |   하진수   |   백승현   |   양청직(촬영지원)   |   성지혜(촬영지원)
[특수촬영] 예종삼(수중촬영기사)   |   김수랑(수중촬영 슈퍼바이저)   |   이정부(수중촬영 오퍼레이터)   |   문헌주(수중촬영 안전요원)
[카메라오퍼레이터] 지상빈(B카메라)
[지미집] 문주천   |   김순태   |   문주현
[그립] 라담주(그립팀장)   |   김건우(그립팀)   |   박석원(그립팀)   |   황창기(그립지원)   |   노한결(그립지원)   |   최원대(그립지원)   |   정훈(와이어캠)   |   권채움(와이어캠)   |   차정환(와이어캠)   |   김정관(와이어캠)
[촬영장비] 민정식   |   안효준   |   김지훈   |   박상아   |   김용희(수중촬영 장비실장)
조명
[조명팀] 우승민   |   정한별아   |   최민석   |   이경제   |   김종엽   |   김선중   |   김송근(조명지원)   |   김효신(조명지원)   |   최현(조명지원)   |   이정현(조명지원)   |   정호남(조명지원)   |   김석영(조명지원)   |   최현석(조명지원)   |   이민석(조명지원)   |   윤재국(조명지원)   |   김영제(조명지원)   |   최윤의(조명지원)   |   송창호(조명지원)   |   한상욱(조명지원)   |   차성민(조명지원)   |   박찬효(조명지원)   |   권지훈(조명지원)   |   박성환(조명지원)   |   박현민(조명지원)   |   김민중(조명지원)   |   김용구(조명지원)   |   조현재(조명지원)   |   김중석(조명지원)   |   가순범(조명지원)   |   조현철(조명지원)   |   최재선(조명지원)
[발전차] 박준범   |   전종원
[조명장비] 신광대(조명크레인)   |   이종준(조명크레인)   |   강동식
동시녹음
[붐오퍼레이터] 문혜지   |   문광무   |   이영빈(붐 어시스턴트)
미술
[아트디렉터] 신혜나
[미술팀] 김재화(미술팀장)   |   민사혜   |   박상현   |   장혜수   |   이희진   |   정은교(미술지원)
세트
[세트팀] 장경배   |   권동일
[세트미술팀] 임한빈(제작실장)   |   김봉연(제작실장)   |   김용석(작화)
소품
[소품팀] 최서준(소품팀장)   |   안소민(소품팀장)   |   홍미현   |   오하영   |   이광원(소품제작)   |   김동희(소품제작)   |   한충기(소품제작)   |   장로운(소품제작)   |   김준호(소품제작)   |   김희원(소품제작)
의상
[의상팀] 허효심(의상팀장)   |   이은지   |   이은수(의상지원)   |   문혜린(제작지원)
분장/헤어
[분장팀] 명주아(분장팀장)   |   김지영   |   신선미(분장지원)   |   민소현(분장지원)   |   이하윤(분장지원)   |   유란화(분장지원)   |   정소영(분장지원)
[헤어팀] 박선영   |   김지혜(헤어컨셉디자인)
액션/스턴트
[액션/스턴트팀] 김용호(무술팀장, 조나단 대역)   |   김수영(여래 대역)   |   임태훈(무술팀)   |   이광호(무술팀)   |   임동은(무술팀)   |   김승필(무술팀)   |   최준석(무술팀)   |   이용문(무술팀)   |   이동민(무술팀)   |   오태승(무술팀)   |   김수영(무술팀)   |   박태강(무술팀)   |   탁환의(무술팀)   |   황유현(무술팀)   |   이상하(무술팀)   |   김선간(무술팀)   |   김원진(무술팀)   |   정택호(무술팀)   |   이상철(무술팀)   |   임승묵(무술팀)   |   권혁석(무술팀)
특수효과
[특수효과팀] 윤영상(특수효과실장)   |   윤영채(특수효과팀장)   |   윤영도   |   김장환   |   김선호
[특수소품] 황효균(제작)   |   곽태용(제작)   |   이희은(제작)
[특수차량] 노승회(슈팅카)
프로덕션지원
[기타] 양라희(법무관리)   |   우해정(인쇄)   |   유진아(인쇄)   |   유현아(인쇄)   |   박수야(인쇄)   |   안호경(재무 관리)
편집
[편집팀] 김지원(어시스턴트)
음악
[음악] 달파란(All original score composed and produced by)   |   김남윤(Music Assisted)   |   김한솔(Music Assisted)
사운드
[사운드] 김석원(Sound Supervisor)
[사운드믹싱] 김은정(Re-recording Mixer)   |   김석원(Re-recording Mixer)
[폴리] 김은정(Foley Record & Mixer)   |   왕현지(Foley Artist)   |   소은서(Foley Artist)   |   노효진(Foley Artist)
[대사] 조민경(Dialogue & ADR)
[사운드효과] 송정은(Sound Effect Editor)   |   최문현(Sound Effect Editor)   |   김은정(Sound Effect Editor)
[사운드팀] 홍윤성(Technical Manager)   |   오연우(Accountant & Admin)   |   김정민(Production Manager)
VFX
[VFX 슈퍼바이저] 박명성(CGI Supervisor)   |   엄태영(3D Supervisor)   |   염도선(Animation Supervisor)   |   이인성(FX Supervisor)   |   양시은(2D Supervisor)   |   오창원(VFX Supervisor Group)   |   양오석(VFX Supervisor Group)
[VFX 아티스트] 김지명(Modeling Lead)   |   김영화(Modeling Artists)   |   김기현(Modeling Artists)   |   박영권(Modeling Artists)   |   박다솜(Modeling Artists)   |   원명자(Modeling Artists)   |   송재우(Texture Lead)   |   김준태(Texture Artists)   |   차주만(Texture Artists)   |   강신아(Texture Artists)   |   심서영(Texture Artists)   |   윤나라(Matchmove Lead)   |   최우진(Matchmove Artists)   |   이유민(Matchmove Artists)   |   방예지(Matchmove Artists)   |   이경민(Animation Artists)   |   김소나(Animation Artists)   |   박경섭(Animation Artists)   |   김은비(Animation Artists)   |   류지혜(Animation Artists)   |   최석원(Animation Technical Artist)   |   전민지(Crowd Artist)   |   김태환(Rigging Artist)   |   서윤진(Fur Artist)   |   천재성(Lighting Lead)   |   김은옥(Lighting Artists)   |   임승남(Lighting Artists)   |   이선영(Lighting Artists)   |   임지영(Lighting Artists)   |   김세연(Lighting Artists)   |   김재민(FX Lead)   |   이성민(FX Artists)   |   권영국(FX Artists)   |   정재화(FX Artists)   |   신혜림(FX Artists)   |   안현수(FX Artists)   |   국두람(FX Artists)   |   양준호(FX Artists)   |   김태연(FX Artists)   |   주지용(Environment Lead)   |   김형기(Environment Artists)   |   신기철(Environment Artists)   |   장보희(Environment Artists)   |   손형록(Compositing Leads)   |   김지희(Compositing Leads)   |   김향옥(Compositing Leads)   |   윤우현(Compositing Leads)   |   이영상(Compositing Leads)   |   김수완(Compositing Artists)   |   강민지(Compositing Artists)   |   권은수(Compositing Artists)   |   오흥재(Compositing Artists)   |   조다솔(Compositing Artists)   |   김진영(Compositing Artists)   |   장효선(Compositing Artists)   |   김지은(Compositing Artists)   |   김중재(Compositing Artists)   |   이현지(Compositing Artists)   |   김서영(Compositing Artists)   |   오현경(Compositing Artists)   |   이옥환(Compositing Artists)   |   유미송(Compositing Artists)   |   김혜주(Compositing Artists)   |   양정연(Compositing Artists)   |   김수정(Compositing Artists)   |   한태훈(Compositing Artists)   |   남탁균(Technical Artist Lead)   |   윤보현(Technical Artist)   |   최선진(Mattepainting Lead)   |   최지혜(Mattepainting Artists)   |   최돈성(Mattepainting Artists)   |   고원이(Mattepainting Artists)   |   윤지영(Mattepainting Artists)   |   임영은(Motion Graphics Lead)   |   강민지(Motion Graphics Artists)   |   변지은(Motion Graphics Artists)   |   임솔잎(Pipeline TDs)   |   김민수(Pipeline TDs)   |   강만제(Pipeline TDs)   |   김한웅(Pipeline TDs)   |   최가영(Management Lead)   |   이경재(Additional Visual Effects by DMIX STUDIO)   |   이상헌(Additional Visual Effects by DMIX STUDIO)   |   유지숙(Additional Visual Effects by DMIX STUDIO)   |   노유래(Additional Visual Effects by DMIX STUDIO)   |   권병학(3D Scanning Service by 2NDTRUST)   |   박상철(3D Scanning Service by 2NDTRUST)
[VFX 매니지먼트] 박성진(VFX Executive Producer)   |   최가영(Senior VFX Producer)   |   김파랑(VFX Producer)   |   장유진(VFX Line Producer)   |   김지현(VFX Project Manager)   |   심채원(VFX Project Assistant Manager)   |   이보람(Visual Effects Management Department)   |   이석영(Visual Effects Management Department)   |   이혜수(Visual Effects Management Department)   |   함혜진(Visual Effects Management Department)   |   박예슬(Visual Effects Management Department)   |   유지혜(Visual Effects Management Department)   |   신윤호(Digital Data Team)   |   양은영(Pre-Visualization Artists)   |   김동기(Pre-Visualization Artists)   |   유현종(System Engineers)   |   윤태훈(System Engineers)   |   박성진(Studio Chief Executive Officer)   |   이광명(Vice President)   |   정진욱(Human Resources Managers)   |   유희란(Finance Managers)   |   오영미(Finance Managers)   |   남희완(Accounting Managers)   |   지가예(Accounting Managers)
DI/현상
[DI팀] 김준영(Executive Director)   |   정혜리(Supervising Digital Colorist)   |   김소윤(DI Producer)   |   우찬양(Assistant colorist)   |   오정현(Image Mastering)   |   유윤진(Image Mastering)   |   정상혁(Digital Cinema Technician)
마케팅
[홍보/마케팅 진행] 정은년(마케팅관리)   |   임아영(마케팅ㅣ홍보책임)   |   김수진(마케팅 관리 진행)   |   양소영(마케팅 관리 진행)   |   나소라(마케팅 관리 진행)   |   박기웅(홍보진행)   |   이채현(마케팅홍보)   |   이나리(마케팅홍보)   |   최은록(마케팅홍보)   |   채민경(마케팅홍보)   |   한지열(프로모션)   |   맹시운(프로모션)   |   최지현(프로모션)   |   이소연(마케팅)
[광고디자인] 최지웅   |   박동우   |   이동형
[포스터사진] 김진영
[스틸] 김진영(현장사진)   |   류가람(현장사진)
[메이킹필름] 강동우   |   강경우   |   박건우
[예고편] 최승원(예고편제작)   |   신의철(예고편제작)   |   배정현(예고편제작)   |   김나연(예고편제작)   |   진영범(예고편믹싱)   |   김병주(예고편믹싱)   |   류도현(예고편믹싱)
[광고대행] 서정우   |   김현신
[온라인마케팅] 이창민   |   이윤실   |   이송희   |   강유신   |   권나연   |   최지연(온라인디자인)   |   탁민경(온라인디자인)   |   김경문(온라인디자인)   |   박선민(온라인디자인)   |   서주희(온라인디자인)   |   최효원(온라인디자인)
기획
[기획] 황조윤   |   김성훈
배급
[배급진행] 정경재(배급총괄)   |   김현철(국내배급 책임)   |   임건(국내배급 진행)   |   윤수윤(국내배급 진행)",장편 | 일반영화 | 코미디 | 107분 20초 | 15세이상관람가 | 한국,"로맨스는 없다!
JOHN NA 죽여주는 작전만 있을 뿐!

대재앙 같은 발연기로 국민 조롱거리로 전락한 톱스타 ‘여래’(이하늬).
현실에서 벗어나고자 떠난 남태평양 ‘콸라’섬에서 운명처럼 자신을 구해준
재벌 ‘조나단’(이선균)을 만나 결혼을 하고 새로운 인생을 꿈꾸며 돌연 은퇴를 선언한다.

한편, 서울대가 당연한 집안에서 홀로 고독한 입시 싸움 중인 4수생 ‘범우’(공명)는
한때 자신의 최애였던 여래가 옆집에 이사온 것을 알게 되고
날마다 옥상에서 단독 팬미팅(?)을 여는 호사를 누린다.

그러던 어느 날 조나단의 사업 확장을 위한 인형 역할에 지친
여래는 완벽한 스크린 컴백을 위해 범우에게 SOS를 보내게 되고
이들은 여래의 인생을 되찾기 위한 죽여주는 계획을 함께 모의하는데…"
2001 스페이스 오디세이,"만든사람들
감독
스탠리 큐브릭","장편 | 일반영화 | SF, 드라마 | 149분 0초 | 영국, 미국","인류에게 문명의 지혜를 가르쳐 준 검은 돌기둥의 정체를 밝히기 위해서 목성으로 향하는 디스커버리호 안에는 선장 ‘보우만’과 승무원 ‘풀’,
전반적인 시스템을 관장하는 인공지능 컴퓨터 ‘할’이 타고 있다. 평화롭던 우주선은 ‘할’이 스스로 ‘생각’하기 시작하면서부터 위기를 맞는다.
특히나 이 영화는 60년대 작품으로 인간이 아직 달에 가기 전에 만들어진, 올해 개봉 51주년을 맞이한 기념비적인 SF 우주 영화."
항구의 니쿠코짱!,"만든사람들
감독
와타나베 아유무
배우
[주연] 오타케 시노부 | 하나에 나츠키",장편 | 예술영화 | 애니메이션 | 96분 32초 | 전체관람가 | 일본,"“보통날이 제일 좋은 거야!”

평범한 인생도 ‘갓생’으로 만드는 무한 긍정 에너지 ‘니쿠코짱’.

정이 많아 허구한 날 남자에게 속는 그녀는
사라진 남자를 찾아 딸 ‘키쿠코’와 함께 작은 항구 마을에 도착하고,
그곳에서 운명의 고깃집(!)을 만난 후 마을에 정착하기로 결심한다.

그리고 어느덧 항구 마을에서 사춘기를 맞이한 딸 ‘키쿠코’는
어김없이 마을 최강 인싸력을 발휘하는 ‘니쿠코짱’이 요즘 들어 부끄럽다.

“키쿠코, 오늘은 어떤 날이었어?”

잘 먹고, 잘 싸고, 잘 자고,
평범한 날이 최고라는 ‘니쿠코짱’을 도저히 이해할 수 없는 ‘키쿠코’.
그런 딸의 속도 모르고 ‘니쿠코짱’은 밤마다 누군가와 비밀스러운 통화까지?!

달라도 너무 다른 두 모녀 사이는 좀처럼 좁혀질 기미가 없는 가운데,
어느 날 둘 사이를 바꿔 놓을 뜻밖의 비밀이 밝혀지는데…!

두 모녀의 별일 없는 하루가 모인 맛난 인생 이야기!
마음의 공복을 채워줄 사랑스러운 그녀가 온다!"
삶과 죽음의 문제,"만든사람들
감독
마이클 파웰|에메릭 프레스버거","장편 | 예술영화 | 멜로/로맨스, 판타지, 코미디 | 104분 0초 | 영국",비행기 추락으로 전사한 영국 병사가 천사의 실수로 인해 다시 살아난다. 천사들은 뒤늦게 이 사실을 알지만 그는 이미 지상에서 사랑스러운 여인과 사랑에 빠진 상태다. 이때부터 천국에서는 그를 다시 데려가는 문제를 두고 사상 초유의 재판을 벌인다. 테크니컬러와 흑백 화면의 대조가 돋보이는 작품. “천국으로 가는 계단”이란 제목으로도 알려져 있다.
아르코 라이브 뮤지컬 호프,,장편 | 일반영화 | 공연 | 112분 27초 | 12세이상관람가 | 한국,현대 문학의 거장 '요제프 클라인'의 <미발표 원고>를 둘러싼 이스라엘 국립 도서관과 '에바 호프'의 소송을 다룬 뮤지컬 공연실황
라이스보이 슬립스,"만든사람들
감독
앤소니 심
배우
[주연] 최승윤(소영) | 이든 황(동현) | 도현 노엘 황(어린 동현) | 앤소니 심(사이먼) | 강인성(인식, 원식)","장편 | 예술영화 | 가족, 드라마 | 117분 15초 | 15세이상관람가 | 캐나다","“집에 가자”

1990년 모든 게 낯선 캐나다에서 서로가 유일한 가족이었던
엄마 '소영'과 아들 '동현'의 잊지 못할 시간을 담은,
문득 집이 그리워질 따스한 이야기"
뮤지컬 더 데빌 2018,"만든사람들
감독
조윤수","장편 | 일반영화 | 공연, 뮤지컬 | 107분 0초 | 15세이상관람가 | 한국","어둠과 빛은 하나, 빛이 강할 때 어둠은 사라지고 어둠이 깊으면 빛이 잠든다.
선한 인간은 어둠을 오래 견디지 못하여 결국 빛을 향하리니…

존 파우스트는 월스트리트의 전도유망한 주식 브로커이다.
그러나 주가가 대폭락한 블랙 먼데이 이후 모든 게 뒤바뀌게 된다.

모든 것을 잃고 실의에 빠진 존을 두고
X - White와 X – Black은 내기를 벌인다.

그에게 접근하여 유혹의 손길을 뻗치는 X - Black
그레첸의 만류에도 불구하고 존은 X - Black의 제안을 받아들이고
점차 그에게 잠식되어 간다.

그런 존이 타락할수록 그레첸의 심신은 피폐해져 간다.
마지막 선(善)의 의지이자, 그에게 가장 아름다운 존재인 그레첸마저
외면하려 하는 존의 모습을 보며 X-Black은 자신의 승리를 확신하지만
X-White는 아직 끝이 아니라 말하는데…."
리턴 투 서울,"만든사람들
감독
데이비 추
배우
[주연] 박지민(프레디)
[조연] 오광록(한국 아빠) | 김선영(한국 고모) | 허진(한국 할머니) | 손승범(동완)
제작
[제작] 하민호(협력제작)
[프로듀서] 조나단박
[라인프로듀서] 방한솔(제작실장)
[제작팀] 이승연   |   이용국(제작부장)   |   김휘환(제작부장)   |   신동한(프로덕션코디)
[데이타매니저] 유근욱(데이터마이닝)
연출
[연출팀] 신동한(2nd Assistant Director)   |   이세리
시나리오
[윤색] 임나무(한국어)
조명
[조명] 강동건(한국팀 조명감독)
미술
[미술/프로덕션 디자인] 신보경   |   최치열
의상
[의상] 이충연(의상실장)
분장/헤어
[분장] 김주영(분장실장)
액션/스턴트
[액션/스턴트] 정윤헌(무술감독)",장편 | 일반영화 | 드라마 | 119분 0초 | 15세이상관람가 | 프랑스,"“다시 서울로 돌아가요 당장!”

우연히 자신이 태어난 서울로 리턴한 25세 프레디,
어쩌다 한국 부모를 찾으면서 시작된
어쩌면 운명적인 여정을 담은
2023년 우리가 열광할 완전히 낯선 영화"
아기공룡 둘리-얼음별 대모험,"만든사람들
감독
김수정|임경원
시나리오
[원작] 김수정
미술
[아트디렉터] 김종금
마케팅
[홍보/마케팅 진행] 김병헌","장편 | 일반영화 | 애니메이션, 어드벤처, 코미디, 가족 | 84분 10초 | 전체관람가 | 한국","아기공룡 둘리는 1억 년 전 거대한 빙산 조각에 갇혀 엄마와 헤어지게 되고 그 안에서 깊은 잠에 빠지게 된다. 어느 날 한강으로 빙산 조각이 흘러 들어오게 되고 조금씩 얼음이 깊은 잠에서 깨어난 둘리는 우연히 쌍문동에 사는 소시민 고길동의 집에 머물게 되는데, 호기심 많고 말썽꾸러기인 둘리로 인해 고길동의 집은 그날부터 하루도 맘 편할 날이 없다.

거기에 ‘공포의 공갈 젖꼭지’ 희동이, 외계인 도우너, 귀부인 타조 또치, 가수지망생 마이콜이 가세하고 이들은 타임 코스모스를 타고 빨리 어른이 되기 위해 미래로 여행을 떠난다. 그러나 타임 코스모스의 작동실수로 이들은 우주의 미로 속, 얼음별로 향하게 되고 그곳에서 둘리는 꿈에 그리던 엄마를 만나게 된다. 하지만 얼음별은 우주의 악당 바요킹에 의해 지배당하고 있었고 둘리 일행은 바요킹의 추격에 쫓기기 시작한다."
오직 사랑하는 이들만이 살아남는다,"만든사람들
감독
짐 자무시
배우
[주연] 톰 히들스턴(아담) | 틸다 스윈튼(이브) | 미아 와시코브스카(에바)
[조연] 존 허트 | 안톤 옐친","장편 | 예술영화 | 드라마, 멜로/로맨스 | 123분 9초 | 15세이상관람가 | 영국, 독일, 미국, 프랑스","미국 디트로이트와 모로코 탕헤르라는 먼 거리에 떨어져 지내는 뱀파이어 커플 아담과 이브. 수세기에 걸쳐 사랑을 이어온 이들이지만 언더그라운드 뮤지션으로 활동 중인 아담은 인간 세상에 대한 염증으로 절망에 빠져 있다. 이브는 그를 위로하기 위해 디트로이트행 밤비행기에 몸을 싣고 마침내 두 사람은 재회한다. 그러나 만남의 기쁨도 잠시, 이브의 통제불능 여동생 애바의 갑작스런 방문은 숨겨두었던 뱀파이어의 본능을 일깨우기 시작하는데… 21세기 현대사회, 아담과 이브는 과연 영원한 삶과 사랑을 이어갈 수 있을까."
불타는 전장,"만든사람들
감독
제스 히브즈
배우
[주연] 오디 머피 | 마샬 톰슨 | 찰스 드레이크 | 잭 켈리","장편 | 일반영화 | 드라마, 전쟁 | 106분 0초 | 미국","감독
제스 히브즈
배우
[주연] 오디 머피 | 마샬 톰슨 | 찰스 드레이크 | 잭 켈리"
모니카와의 여름,"만든사람들
감독
잉마르 베리만
배우
[주연] 해리엇 안데르손 | 라스 에크보리","장편 | 예술영화 | 드라마, 멜로/로맨스 | 97분 0초 | 청소년관람불가 | 스웨덴","특별할 것 없는 작은 상점에서 각각 일하는 열일곱의 모니카와 열아홉의 해리는 우연히 바에서 첫만남을 갖게 된 후 연인이 된다. 모니카는 남루한 현실과는 다른 인생을 꿈꾸지만, 부적절한 희롱이 난무하는 일터에서 퇴근해 가족과 함께 살고 있는 허름한 아파트로 돌아오면 그녀를 기다리는 것은 알코올중독 아버지의 학대뿐이다. 해리에게로 피한 모니카는 해리의 모터보트에 숨어 밤을 보내고, 그로 인해 다음날 직장에 늦게 되어 사장의 비난을 들은 해리는 사표를 던지고 모니카와 함께 배를 타고 스톡홀름에서 멀리 떠나버리기로 결정한다. 스톡홀름 군도의 한 작은 섬에 내린 두 사람은 야생에 가까운 환경에서 둘 만의 꿈같은 여름을 보낸다. 그러나 여름이 끝나가고 돈이 떨어지자 더 이상 섬에서의 도피생활은 지속될 수 없게 되고, 둘은 다시 도시의 삶으로 돌아가야만 한다. 임신과 결혼 등, 꿈과는 다른 성장통들이 기다리고 있는 도시에서 모니카와 해리는 각자의 방식대로 삶을 받아들이게 되는데..."
그래도 내가 하지 않았어,"만든사람들
감독
수오 마사유키
배우
[주연] 카세 료(가네코 텟페이) | 세토 아사카(스토 리코) | 야쿠쇼 코지(아라카와 마사요시)",장편 | 예술영화 | 드라마 | 143분 39초 | 12세이상관람가 | 일본,"무죄를 주장하는 것만으로는 충분하지 않다.
유죄 확률 99.9%, 그 긴 투쟁이 시작된다!
“10명의 죄인을 놓친다고 해도, 한 명의 죄 없는 사람을 벌하지 말라.”

특별한 직업 없이 살아가던 가네코 텟페이는 중요한 면접을 보러 가는 길에 급히 만원 전철을 탔다가 여고생을 성추행한 치한으로 몰려 현행범으로 체포된다.
현행범으로 경찰서에 구금된 텟페이, 끊임없이 자신의 결백을 주장해보지만 경찰들은 그의 진술에는 아랑곳하지 않은 채 자백만을 강요할 뿐이다.
결국 그의 증언은 조금도 받아들여지지 않은 채 사건은 검찰로 넘어가게 되고, 억울함과 초조함에 시달리는 텟페이를 변호하기 위해 베테랑 변호사 아라카와 마사요시와 스도 리코가 고용된다.
일본의 사법 관례상 형사재판에 기소될 경우, 유죄를 선고받을 확률은 99.9%.텟페이를 믿는 그의 어머니 토요코와 오랜 친구 다츠오는 변호사들과 함께 텟페이의 무죄를 입증하기 위해 애쓰고...
자신을 믿어준 이들이 지켜보는 가운데 2년에 걸친 긴 재판이 진행된다.
10번의 공판, 시종일관 담담하고 침착하게 무죄를 주장한 텟페이는 자신의 결백을 입증할 수 있을까?"
사랑의 고고학,"만든사람들
감독
이완민
배우
[주연] 옥자연 | 기윤
[조연] 이동찬(찬구(영실부))
[단역] 하민호((가)고등학교 선생님)
제작
[제작] 하민호
[프로듀서] 방한솔
[제작팀] 홍수지(제작지원)   |   이용국(제작부장)   |   신동한(후반 제작팀)
[데이타매니저] 장세은
연출
[스크립터] 변여빈
[조감독] 강지원
촬영
[촬영] 김지현
의상
[의상팀] 이정민
편집
[편집팀] 서동실",장편 | 독립영화 | 드라마 | 162분 45초 | 15세이상관람가 | 한국,"무슨 일이 있었던 걸까?

만난 지 8시간 만에 사랑에 빠진 영실과 인식.
인식은 그런 영실을 자유로운 영혼이라 확신하며
어떠한 상황에서도 함께할 것이라는 약속을 받아낸다.
시간이 지날수록 영실에 대한 인식의 집착은 심해지고,
영실은 뒤틀린 관계 속에서도 인식과의 약속을 지키고자 한다.
하지만 영실의 노력에도 헤어진 두 사람.
8년 동안의 불온했던 과거의 굴레에서 벗어나
영실은 자신의 사랑에 대해 정면으로 응시할 준비를 시작한다."
블레이드 러너: 파이널 컷,"만든사람들
감독
리들리 스콧
배우
[주연] 해리슨 포드 | 룻거 하우어
촬영
[촬영] 조단 크로넨웨스
음악
[음악] 반젤리스","장편 | 예술영화 | SF, 드라마 | 117분 30초 | 15세이상관람가 | 미국","핵전쟁 이후 혼돈과 무질서로 휩싸인 2019년,
복제인간 ‘로이’를 포함한 ‘넥서스 6’이
오프월드에서 반란을 일으킨 후 지구로 잠입한다.

은퇴한 블레이드 러너였던 '데커드'(해리슨 포드)는
지구에 잠입한 복제 인간들을 찾는 임무와 함께 강제로 복직하게 되고,
탐문 수사를 위해 찾아간 넥서스 6 제조사인 타이렐 사에서
자신이 복제 인간임을 모르는 ‘레이첼’(숀 영)을 마주하게 된다.

한편, 증거의 꼬리를 잡아 수사하던 도중
‘데커드’는 ‘레이첼’ 덕분에 위기 속에서 목숨을 구원받게 되고,
복제 인간과의 마지막 전투를 앞두게 된다."
에브리씽 에브리웨어 올 앳 원스+,"만든사람들
감독
다니엘 콴|다니엘 쉐이너트
배우
[주연] 양자경 | 스테파니 수 | 키 호이 콴 | 제이미 리 커티스","장편 | 일반영화 | 액션, 코미디 | 150분 21초 | 15세이상관람가 | 미국","미국에 이민 와 힘겹게 세탁소를 운영하던 에블린은 세무당국의 조사에 시달리던 어느 날
남편의 이혼 요구와 삐딱하게 구는 딸로 인해 대혼란에 빠진다.
그 순간 에블린은 멀티버스 안에서 수천, 수만의 자신이 세상을 살아가고 있다는 사실을 알게 되고,
그 모든 능력을 빌려와 위기의 세상과 가족을 구해야 하는 운명에 처한다."
뮤지컬 더 데빌 2021,"만든사람들
감독
조윤수","장편 | 일반영화 | 공연, 뮤지컬 | 110분 18초 | 15세이상관람가 | 한국","어둠과 빛은 하나, 빛이 강할 때 어둠은 사라지고 어둠이 깊으면 빛이 잠든다.
선한 인간은 어둠을 오래 견디지 못하여 결국 빛을 향하리니

“인간의 마음속 어둠이 빛을 넘어서는 순간
세상의 이치는 새롭게 정렬되어야 해”

빛과 어둠은 본디 하나의 존재
X-White와 X-Black
그들은 인간을 두고 내기를 벌인다.

내기의 대상이 된 인간 존 파우스트
그는 월스트리트의 전도유망한 주식 브로커로
그에게는 늘 그의 곁을 지키는 그레첸이 있다.
그러나 주가가 대폭락한 블랙 먼데이 이후 모든 게 뒤바뀌게 되고…
모든 것을 잃고 추락하게 된 존이 실의에 빠진 틈을 타
그에게 접근하여 유혹의 손길을 뻗치는 X-Black
그레첸의 만류에도 존은 X-Black의 제안을 받아들이고
점차 그에게 잠식되어 간다.

존이 타락할수록 그레첸의 심신은 피폐해져 가고
마지막 선(善)의 의지이자, 그의 가장 아름다운 존재인 그레첸마저 외면하려 하는
존의 모습을 통해 X-Black은 자신의 승리를 확신하게 되는데"
류이치 사카모토: 코다,"만든사람들
감독
스티븐 쉬블
배우
[주연] 사카모토 류이치",장편 | 예술영화 | 다큐멘터리 | 101분 21초 | 전체관람가 | 일본,"세계적으로 주목 받은 아티스트이자,
<마지막 황제>(1987) 오리지널 사운드트랙 작업으로
아카데미, 골든글로브, 그래미를 석권한 작곡가 류이치 사카모토는
인후암 판정 이후 모든 활동을 중단한다.

하지만 평소 존경하던 이냐리투 감독으로부터
<레버넌트: 죽음에서 돌아온 자> 작업의 의뢰를 받게 되면서
다시 작업을 시작하게 된 류이치 사카모토는
치료로 중단했던 새 앨범을 다시금 준비하기 시작한다."
몽고의 란,"만든사람들
감독
안드레 드 토스","장편 | 일반영화 | 액션, 어드벤처, 드라마 | 115분 0초 | 프랑스","감독
안드레 드 토스"
전망좋은 방,"만든사람들
감독
제임스 아이보리
배우
[주연] 매기 스미스 | 헬레나 본햄 카터 | 줄리안 샌즈 | 덴홈 엘리엇 | 다니엘 데이 루이스 | 루퍼트 그레이브즈 | 주디 덴치
촬영
[촬영] 토니 피어스 로버츠
의상
[의상] 존 브라이트","장편 | 예술영화 | 드라마, 멜로/로맨스 | 116분 45초 | 15세이상관람가 | 영국","첫 키스는 누군가의 인생을 영원히 바꾸기도 한다!

여행지 피렌체에서 ‘전망 좋은 방’을 루시에게 양보한 조지는 충동적이고 열정적인 몽상가.
그녀의 약혼자는 여성을 예술품처럼 소유하려는 보수적인 세실.
관습과 자유로운 삶 사이에서 갈등하며 진정한 사랑을 선택하려는 루시.
고지식한 사촌 샬롯의 가이드 없이 그녀는 지도 밖으로의 여행을 시작한다."
TAR 타르,"만든사람들
감독
토드 필드
배우
[주연] 케이트 블란쳇 | 노에미 멜랑 | 니나 호스",장편 | 일반영화 | 드라마 | 158분 2초 | 15세이상관람가 | 미국,"무대를 장악하는 마에스트로, 욕망을 불태우는 괴물,
베를린 필하모닉 최초의 여성 지휘자 리디아 타르.

이 이야기는 그녀의 정점에서 시작된다."
다음 소희,"만든사람들
감독
정주리
배우
[주연] 김시은(소희) | 배두나(유진)
[조연] 박우영(동호) | 이인영(은아) | 박희은(소희 모) | 김용준(소희 부) | 심희섭(세이브팀 전 팀장) | 정수하(정인)
[단역] 조하민(입사 동료 은화) | 박윤희(센터장) | 최희진(세이브팀 새 팀장) | 유정호(세이브팀 부장) | 문정웅(세이브팀 본사직원 1) | 박서경(콜센터 동료 박슬기) | 김우겸(배형사) | 김태웅(김형사) | 송요셉(형사과장) | 나종민(파출소장) | 허정도(담임) | 박수영(교감) | 권다함(주무관) | 황정민(장학사) | 한혜지(전 팀장 아내) | 엄옥란(가맥집 주인) | 유재연(연습실 멤버 재연) | 이종민(곱창집 남자) | 박건주(태준 구타 동료) | 김우영(태준 공장 동료) | 이승영(태준 공장 동료) | 유용희(주차장 경비원) | 민재원(보안요원) | 안소정(연습생) | 나예은(쭈니팬) | 추은경(경찰서 직원) | 정수하(오주연 고객 목소리) | 문성렬(서장우 고객 목소리) | 문정웅(최철웅 고객 목소리)
투자
[투자] 최평호(제작투자)   |   한상욱(공동투자)   |   김철우(공동투자)   |   김동하(공동투자)   |   이영재(투자총괄)   |   현나영(투자책임)   |   송효정(투자책임)   |   이명현(투자진행)
제작
[제작] 김동하
[프로듀서] 김지연
[라인프로듀서] 문성렬(제작실장)   |   나예은(제작실장)
[제작회계] 고이든
[제작팀] 박정현   |   유정혁
[제작관리] 박수경   |   정의홍(제작관리책임)   |   이지혜(제작관리진행)
[데이타매니저] 손진우   |   김단우(디지털로더)
연출
[스토리보드] 김소령
[스크립터] 최이다
[연출팀] 박이도   |   변여빈   |   변여빈
[조감독] 김한울
시나리오
[시나리오(각본)] 정주리
촬영
[촬영] 김일연
[촬영팀] 정진   |   고경은   |   이준석   |   손홍락(촬영지원)   |   박세훈(촬영지원)   |   박준우(촬영지원)   |   배수인(촬영지원)   |   이성구(촬영지원)
[카메라오퍼레이터] 강국현(B 카메라)
[그립] 이상훈   |   이상훈(그립팀장)   |   양희철2(그립팀)
조명
[조명] 김민재
[조명팀] 김선민   |   김동균   |   임석규
[발전차] 김관혁
동시녹음
[동시녹음] 황정호
[붐오퍼레이터] 김다정
미술
[미술/프로덕션 디자인] 최임(프로덕션 디자인)
[미술팀] 손기경(미술팀장)   |   하선엽   |   최효선(그래픽 디자이너)
세트
[세트] 김덕두
소품
[소품팀] 태욱(소품기사)
의상
[의상] 김하경
[의상팀] 김소라(의상팀장)
분장/헤어
[분장] 오창렬
[분장팀] 석은진(분장실장)   |   최혜정(분장팀장)   |   송청수(분장지원)
[특수분장] 오창렬
액션/스턴트
[액션/스턴트] 최광락   |   김차이
특수효과
[특수효과] 홍장표
[특수효과팀] 이지훈(특수효과 실장)   |   고창환   |   김민수   |   전영훈   |   박요한   |   이용준
프로덕션지원
[기타] 최이다(포스트프로덕션 매니저)   |   우해정(인쇄)   |   유진아(인쇄)   |   유현아(인쇄)   |   박수야(인쇄)   |   달시 파켓(영어 번역)
편집
[편집] 이영림   |   한지윤
음악
[음악] 장영규   |   최태현
사운드
[사운드] 김필수(Sound Supervisor)   |   정민주(Sound Supervisor)   |   김규만(Sound Supervisor)
[사운드디자이너] 김윤경(SFX Designer I Editor)
[사운드믹싱] 김필수(Re-Recording Mixer)   |   김규만(Re-Recording Mixer, Dialog Editor)
[폴리] 하영빈(Foley Artist)
[대사] 정민주(Dialogue & ADR)
[사운드팀] 이경언(Studio Manager)
VFX
[시각효과] 정성욱
[VFX 아티스트] 주성현(Senior Digital Compositor)   |   박지웅(Senior Digital Compositor)   |   김장혁(Senior Digital Compositor)   |   김혁(Senior Digital Compositor)   |   성정석(Digital Compositor)   |   김연경(Digital Compositor)
[VFX 매니지먼트] 이상준(VFX Producer)   |   이혜미(VFX Producer)
DI/현상
[DI팀] 엄태식(Digital Intermediate)   |   박진용(Colorist)   |   손민경(DI Producer)   |   서중권(Digital Cinema Supervisor)   |   최우석(Image Mastering)
마케팅
[홍보/마케팅 진행] 최유리   |   조성경   |   오설혜   |   연다솔
[광고디자인] 최지웅   |   박동우   |   이동형
[포스터사진] 백혜정(포스터 / 현장사진)
[메이킹필름] 김수화
[예고편] 김동현   |   유태인   |   노재영   |   장재영   |   성진아   |   김보은   |   이성준(예고편 믹싱)   |   최유(예고편 믹싱)   |   원지원(예고편 믹싱)
[온라인마케팅] 배기정   |   조아라   |   김고은   |   김현아   |   오지현   |   구수연(온라인 디자인)   |   장하윤(온라인 디자인)   |   김수연(온라인 디자인)
기획
[기획] 김동하
배급
[배급진행] 정동호(국내배급/마케팅 책임)   |   고아라(국내배급/마케팅 진행)   |   권희지(국내배급/마케팅 진행)   |   한상욱(디지털배급 총괄)   |   추지민(디지털배급 진행)   |   이찬희(디지털배급 진행)   |   서영주(해외배급총괄)   |   김도훈(해외배급총괄)   |   김윤정(해외배급책임)   |   곽세정(해외배급진행)   |   김지담(해외배급진행)   |   이현정(해외배급진행)   |   이주화(해외배급진행)   |   유소연(해외배급진행)","장편 | 예술,독립 영화 | 드라마 | 137분 31초 | 15세이상관람가 | 한국","“나 이제 사무직 여직원이다?”
춤을 좋아하는 씩씩한 열여덟 고등학생 소희.
졸업을 앞두고 현장실습을 나가게 되면서 점차 변하기 시작한다.

“막을 수 있었잖아. 근데 왜 보고만 있었냐고”
오랜만에 복직한 형사 유진.
사건을 조사하던 중, 새로운 사실을 발견하고 그 자취를 쫓는다.

같은 공간 다른 시간, 언젠가 마주쳤던 두 사람의 이야기.
우리는 모두 그 애를 만난 적이 있다."
에브리씽 에브리웨어 올 앳 원스,"만든사람들
감독
다니엘 콴|다니엘 쉐이너트
배우
[주연] 양자경 | 스테파니 수 | 키 호이 콴 | 제이미 리 커티스","장편 | 예술영화 | 액션, 코미디 | 139분 28초 | 15세이상관람가 | 미국","미국에 이민 와 힘겹게 세탁소를 운영하던 에블린은 세무당국의 조사에 시달리던 어느 날
남편의 이혼 요구와 삐딱하게 구는 딸로 인해 대혼란에 빠진다.
그 순간 에블린은 멀티버스 안에서 수천, 수만의 자신이 세상을 살아가고 있다는 사실을 알게 되고,
그 모든 능력을 빌려와 위기의 세상과 가족을 구해야 하는 운명에 처한다."
장기자랑,"만든사람들
감독
이소현
배우
[주연] 김명임 | 김도현 | 김순덕 | 박유신 | 이미경 | 최지영 | 박혜영 | 김태현
제작
[프로듀서] 이보람","장편 | 예술,독립 영화 | 다큐멘터리 | 92분 58초 | 12세이상관람가 | 한국","2014년 그날 이후,
집 밖으로 나서기 어려웠던 엄마들은
지나가듯 얘기한 ‘재밌겠다’ 한마디에
연극을 시작하게 된다

그런데 이게 웬걸?
‘연기’라는 뒤늦은 재능을 발견하고
열정을 불태운다

그러나 새로운 연극 ‘장기자랑’을 준비하는
엄마들 사이의 질투와 갈등은 깊어지고
급기야 몇몇은 극단을 나가버리는데…

일곱 엄마들의 좌충우돌 연극 도전기!
우리 잘 할 수 있을까?"
어느 가족,"만든사람들
감독
고레에다 히로카즈
배우
[주연] 릴리 프랭키 | 안도 사쿠라 | 마츠오카 마유 | 키키 키린 | 죠 카이리 | 사사키 미유
[조연] 이케마츠 소스케",장편 | 예술영화 | 드라마 | 120분 31초 | 15세이상관람가 | 일본,"할머니의 연금과 물건을 훔쳐 생활하며 가난하지만 웃음이 끊이지 않는 어느 가족.
우연히 길 위에서 떨고 있는 한 소녀를 발견하고 집으로 데려와 가족처럼 함께 살게 된다.
그런데 뜻밖의 사건으로 가족이 뿔뿔이 흩어지게 되고 각자 품고 있던 비밀과 간절한 바람이 드러나게 되는데…"
여섯 개의 밤,"만든사람들
감독
최창환
배우
[주연] 강길우 | 강진아 | 김시은 | 변중희 | 이한주 | 정수지
[단역] 박인지 | 유해준 | 이나래
제작
[제작] 김기현   |   정유미
[프로듀서] 윤진
[제작팀] 정성민(제작팀장)   |   이상현   |   김연지(제작지원)
연출
[스크립터] 고은주
[연출팀] 한제이   |   정지영(연출지원)
[조감독] 김종재
시나리오
[시나리오(각본)] 김기현   |   정유미
[각색] 최창환
촬영
[촬영] 전상진
[카메라오퍼레이터] 표태욱(촬영 1st)
동시녹음
[동시녹음] 이성철
[붐오퍼레이터] 우재민
프로덕션지원
[기타] 박선영(영문번역)
편집
[편집] 박세영   |   이혜빈
음악
[음악] 정차식
사운드
[사운드] 홍성준(사운드 슈퍼바이저)
[사운드디자이너] 정연수
[사운드팀] 정진영(스튜디오 매니저)
마케팅
[홍보/마케팅 진행] 이나래(마케팅)","장편 | 예술,독립 영화 | 드라마, 멜로/로맨스, 가족 | 80분 39초 | 12세이상관람가 | 한국","엔진 고장으로 예정에 없던 도시에
불시착한 뉴욕행 비행기

레이오버 호텔에 묵게 된 여섯 명의 여행객들은
낯섦과 설렘, 비밀과 진실, 폭로와 고백 사이

저마다의 이유로 요동치는
잠들 수 없는 밤과 마주한다."
세이브 더 캣,"만든사람들
감독
허지예
배우
[주연] 옥자연(영우) | 이태경(진희)",단편 | 일반영화 | 드라마 | 29분 0초 | 한국,계약 기간이 얼마 남지 않은 영우와 진희의 작업실 앞에 고양이가 한 마리 버려진다. 고양이는 작업실에 들어와 둘의 이야기를 휘젓고 다닌다.
해피 투게더,"만든사람들
감독
왕가위
배우
[주연] 장국영(보영) | 양조위(아휘) | 장첸","장편 | 예술영화 | 드라마, 멜로/로맨스 | 96분 51초 | 15세이상관람가 | 홍콩","“우리 다시 시작하자”
그가 다시 시작하자고 하면
난 늘 그와 함께했다

홍콩을 떠나 지구 반대편 부에노스아이레스에 온 ‘보영’과 ‘아휘’
이과수 폭포를 찾아가던 중 두 사람은
사소한 다툼 끝에 이별하고 각자의 길을 떠난다.

얼마 후 상처투성이로 ‘아휘’의 앞에 다시 나타난 ‘보영’은
무작정 “다시 시작하자”고 말한다.
서로를 위로하며 점차 행복한 시간을 보내는 두 사람.

하지만 ‘보영’의 변심이 두려운 ‘아휘’와
‘아휘’의 구속이 견디기 힘든 ‘보영’은
또다시 서로의 마음에 상처 내는 말을 내뱉은 뒤 헤어지는데..."
마틴 에덴,"만든사람들
감독
피에트로 마르첼로
배우
[주연] 루카 마리넬리","장편 | 예술영화 | 드라마, 멜로/로맨스 | 128분 49초 | 12세이상관람가 | 이탈리아","오직 한 여자의 사랑을 얻기 위해 펜 하나로 세상과 맞선 남자

20세기 중반 이탈리아 나폴리.
주먹 하나만큼은 최고인 선박 노동자 ‘마틴 에덴’은
상류층 여자 ‘엘레나’를 만나 첫눈에 사랑에 빠진다.

오직 그녀처럼 생각하고 말하기 위해 굶주린 듯 탐독하고,
그는 들끓는 열정에 이끌려 작가가 되기로 결심한다.

두 사람이 함께 하기 위한 새로운 길을 만들기 위해
‘마틴 에덴’은 홀로 펜 하나로 세상과 맞서기 시작하는데…"
모나리자와 블러드 문,"만든사람들
감독
애나 릴리 아미푸르
배우
[주연] 전종서(모나) | 케이트 허드슨(보니) | 에드 스크레인(퍼즈) | 에반 휘튼(찰리) | 크레이그 로빈슨(해롤드)","장편 | 예술영화 | 판타지, 미스터리, 스릴러 | 107분 1초 | 15세이상관람가 | 미국","붉은 달이 뜨던 밤, 폐쇄병동에서 스스로 탈출한
'모나'(전종서)는 화려한 조명에 이끌려 도착한 낯선 도시에서
자신의 특별함을 알아챈 기묘한 사람들을 만난다.

모나의 능력으로 일확천금을 꿈꾸는 댄서 '보니'(케이트 허드슨)
모나한테 첫눈에 반한 로맨티스트 DJ '퍼즈'(에드 스크레인)
모나에게 락 스피릿을 가르친 11살의 소울메이트 '찰리'(에반 휘튼)
그리고 모나를 뒤쫓는 언럭키한 경찰 '해롤드'(크레이그 로빈슨)까지

완벽한 밤… 완전한 자유? 완성된 운명!
새로운 세상으로 향하는 '모나'의 모험이 펼쳐진다."
튤립 모양,"만든사람들
감독
양윤모
배우
[주연] 유다인 | 김다현 | 문희경 | 김정균
제작
[프로듀서] 나현준
시나리오
[시나리오(각본)] 양윤모","장편 | 예술,독립 영화 | 드라마, 멜로/로맨스 | 105분 56초 | 12세이상관람가 | 한국","유리코는 몇 년 전 운명처럼 스쳐지나간 한국남자를 잊지 못해 얼굴도 정확히 기억 못하는 그
를 찾아 공주에 온다. 석영은 깊은 관심을 가지고 있던 무성영화 시기 한 일본배우와 똑같이
생긴 여인을 우연히 마주친다. 두 사람의 만남을 다룬 이야기. 사랑과 예술에 관한 우화."
